Titel,Youtube code
"Dit filmpje is not niet beschkikbaar",
"Dit filmpje is not niet beschkikbaar",
"Dit filmpje is not niet beschkikbaar",
"Dit filmpje is not niet beschkikbaar",
"Dit filmpje is not niet beschkikbaar",
"Dit filmpje is not niet beschkikbaar",
"Dit filmpje is not niet beschkikbaar",
"Dit filmpje is not niet beschkikbaar",
"Dit filmpje is not niet beschkikbaar",
"Dit filmpje is not niet beschkikbaar",
"Dit filmpje is not niet beschkikbaar",
"Dit filmpje is not niet beschkikbaar",
"Dit filmpje is not niet beschkikbaar",
"Dit filmpje is not niet beschkikbaar",
"Dit filmpje is not niet beschkikbaar",
"Dit filmpje is not niet beschkikbaar",
"Dit filmpje is not niet beschkikbaar",
"Dit filmpje is not niet beschkikbaar",
"Dit filmpje is not niet beschkikbaar",
"Dit filmpje is not niet beschkikbaar",
"Dit filmpje is not niet beschkikbaar",
"Dit filmpje is not niet beschkikbaar",
"Dit filmpje is not niet beschkikbaar",
"Dit filmpje is not niet beschkikbaar",
"Dit filmpje is not niet beschkikbaar",
"Dit filmpje is not niet beschkikbaar",
"Dit filmpje is not niet beschkikbaar",
"Dit filmpje is not niet beschkikbaar",
"Dit filmpje is not niet beschkikbaar",
"Dit filmpje is not niet beschkikbaar",
"Dit filmpje is not niet beschkikbaar",
"Dit filmpje is not niet beschkikbaar",
"Dit filmpje is not niet beschkikbaar",
"Dit filmpje is not niet beschkikbaar",
"Dit filmpje is not niet beschkikbaar",
"Dit filmpje is not niet beschkikbaar",
"Dit filmpje is not niet beschkikbaar",
"Dit filmpje is not niet beschkikbaar",
"Dit filmpje is not niet beschkikbaar",
"Dit filmpje is not niet beschkikbaar",
"Dit filmpje is not niet beschkikbaar",
"Dit filmpje is not niet beschkikbaar",
"Dit filmpje is not niet beschkikbaar",
"Dit filmpje is not niet beschkikbaar",
"Dit filmpje is not niet beschkikbaar",
"Dit filmpje is not niet beschkikbaar",
"Juicht aarde, juicht alom de Heer",Wo4QJUsjrjU
"Dit filmpje is not niet beschkikbaar",
"Dit filmpje is not niet beschkikbaar",
"Dit filmpje is not niet beschkikbaar",
"Dit filmpje is not niet beschkikbaar",
"Dit filmpje is not niet beschkikbaar",
"Dit filmpje is not niet beschkikbaar",
"Dit filmpje is not niet beschkikbaar",
"Dit filmpje is not niet beschkikbaar",
"Dit filmpje is not niet beschkikbaar",
"Dit filmpje is not niet beschkikbaar",
"Dit filmpje is not niet beschkikbaar",
"Dit filmpje is not niet beschkikbaar",
"Dit filmpje is not niet beschkikbaar",
"Dit filmpje is not niet beschkikbaar",
"Dit filmpje is not niet beschkikbaar",
"Dit filmpje is not niet beschkikbaar",
"Dit filmpje is not niet beschkikbaar",
"Dit filmpje is not niet beschkikbaar",
"Dit filmpje is not niet beschkikbaar",
"Dit filmpje is not niet beschkikbaar",
"Dit filmpje is not niet beschkikbaar",
"Dit filmpje is not niet beschkikbaar",
"Dit filmpje is not niet beschkikbaar",
"Dit filmpje is not niet beschkikbaar",
"Dit filmpje is not niet beschkikbaar",
"Dit filmpje is not niet beschkikbaar",
"Dit filmpje is not niet beschkikbaar",
"Dit filmpje is not niet beschkikbaar",